2.560000000000000000e+02,4.034042358398437500e-04,1.976275444030761719e-02,2.016615867614746094e-02,6.287741661071777344e-02
2.560000000000000000e+02,3.895759582519531250e-04,1.467490196228027344e-02,1.506447792053222656e-02,4.627227783203125000e-02
2.560000000000000000e+02,5.040168762207031250e-04,1.736426353454589844e-02,1.786828041076660156e-02,3.804922103881835938e-02
2.560000000000000000e+02,5.409717559814453125e-04,1.607275009155273438e-02,1.661372184753417969e-02,4.560065269470214844e-02
2.560000000000000000e+02,3.969669342041015625e-04,1.895451545715332031e-02,1.935148239135742188e-02,4.849553108215332031e-02
2.560000000000000000e+02,7.059574127197265625e-04,1.975703239440917969e-02,2.046298980712890625e-02,5.510663986206054688e-02
2.560000000000000000e+02,3.738403320312500000e-04,1.326584815979003906e-02,1.363968849182128906e-02,3.110742568969726562e-02
2.560000000000000000e+02,3.776550292968750000e-04,1.135349273681640625e-02,1.173114776611328125e-02,2.813315391540527344e-02
2.560000000000000000e+02,3.592967987060546875e-04,1.213073730468750000e-02,1.249003410339355469e-02,2.923989295959472656e-02
2.560000000000000000e+02,7.126331329345703125e-04,1.803517341613769531e-02,1.874780654907226562e-02,4.471302032470703125e-02
5.120000000000000000e+02,3.857612609863281250e-04,1.263790130615234375e-01,1.267647743225097656e-01,2.054588794708251953e-01
5.120000000000000000e+02,3.855228424072265625e-04,3.003406524658203125e-02,3.041958808898925781e-02,1.262390613555908203e-01
5.120000000000000000e+02,6.945133209228515625e-04,2.899050712585449219e-02,2.968502044677734375e-02,9.997057914733886719e-02
5.120000000000000000e+02,4.062652587890625000e-04,2.582383155822753906e-02,2.623009681701660156e-02,9.512042999267578125e-02
5.120000000000000000e+02,3.845691680908203125e-04,2.427816390991210938e-02,2.466273307800292969e-02,1.070752143859863281e-01
5.120000000000000000e+02,4.057884216308593750e-04,2.452731132507324219e-02,2.493309974670410156e-02,1.067426204681396484e-01
5.120000000000000000e+02,4.520416259765625000e-04,3.740954399108886719e-02,3.786158561706542969e-02,1.120986938476562500e-01
5.120000000000000000e+02,3.733634948730468750e-04,3.049111366271972656e-02,3.086447715759277344e-02,9.975028038024902344e-02
5.120000000000000000e+02,4.549026489257812500e-04,2.641582489013671875e-02,2.687072753906250000e-02,9.495472908020019531e-02
5.120000000000000000e+02,4.112720489501953125e-04,2.437472343444824219e-02,2.478599548339843750e-02,9.821796417236328125e-02
7.680000000000000000e+02,4.355907440185546875e-04,1.181483268737792969e-01,1.185839176177978516e-01,2.178196907043457031e-01
7.680000000000000000e+02,3.800392150878906250e-04,2.098393440246582031e-02,2.136397361755371094e-02,1.271245479583740234e-01
7.680000000000000000e+02,5.280971527099609375e-04,1.728320121765136719e-02,1.781129837036132812e-02,1.571600437164306641e-01
7.680000000000000000e+02,3.724098205566406250e-04,1.467609405517578125e-02,1.504850387573242188e-02,1.283726692199707031e-01
7.680000000000000000e+02,3.972053527832031250e-04,2.338933944702148438e-02,2.378654479980468750e-02,1.568484306335449219e-01
7.680000000000000000e+02,5.481243133544921875e-04,2.208399772644042969e-02,2.263212203979492188e-02,1.384816169738769531e-01
7.680000000000000000e+02,3.781318664550781250e-04,1.828145980834960938e-02,1.865959167480468750e-02,1.367733478546142578e-01
7.680000000000000000e+02,5.185604095458984375e-04,1.762270927429199219e-02,1.814126968383789062e-02,1.348388195037841797e-01
7.680000000000000000e+02,4.017353057861328125e-04,1.676797866821289062e-02,1.716971397399902344e-02,1.452717781066894531e-01
7.680000000000000000e+02,3.755092620849609375e-04,1.533603668212890625e-02,1.571154594421386719e-02,1.333272457122802734e-01
1.024000000000000000e+03,5.939006805419921875e-04,1.148235797882080078e-01,1.154174804687500000e-01,3.083620071411132812e-01
1.024000000000000000e+03,3.876686096191406250e-04,3.268218040466308594e-02,3.306984901428222656e-02,2.203123569488525391e-01
1.024000000000000000e+03,4.498958587646484375e-04,1.925706863403320312e-02,1.970696449279785156e-02,2.089049816131591797e-01
1.024000000000000000e+03,4.515647888183593750e-04,1.637530326843261719e-02,1.682686805725097656e-02,2.214889526367187500e-01
1.024000000000000000e+03,4.203319549560546875e-04,1.527047157287597656e-02,1.569080352783203125e-02,2.102530002593994141e-01
1.024000000000000000e+03,4.315376281738281250e-04,1.911187171936035156e-02,1.954340934753417969e-02,2.429802417755126953e-01
1.024000000000000000e+03,4.065036773681640625e-04,2.043914794921875000e-02,2.084565162658691406e-02,2.170989513397216797e-01
1.024000000000000000e+03,4.060268402099609375e-04,2.623248100280761719e-02,2.663850784301757812e-02,2.541983127593994141e-01
1.024000000000000000e+03,3.638267517089843750e-04,1.983070373535156250e-02,2.019453048706054688e-02,2.209758758544921875e-01
1.024000000000000000e+03,3.814697265625000000e-04,1.768040657043457031e-02,1.806187629699707031e-02,1.966030597686767578e-01
1.536000000000000000e+03,4.096031188964843750e-04,1.150679588317871094e-01,1.154775619506835938e-01,5.430541038513183594e-01
1.536000000000000000e+03,4.439353942871093750e-04,2.621102333068847656e-02,2.665495872497558594e-02,4.474773406982421875e-01
1.536000000000000000e+03,4.072189331054687500e-04,2.512025833129882812e-02,2.552747726440429688e-02,4.422206878662109375e-01
1.536000000000000000e+03,7.371902465820312500e-04,3.205633163452148438e-02,3.279352188110351562e-02,4.402248859405517578e-01
1.536000000000000000e+03,3.802776336669921875e-04,3.911638259887695312e-02,3.949666023254394531e-02,5.058836936950683594e-01
1.536000000000000000e+03,7.839202880859375000e-04,2.452111244201660156e-02,2.530503273010253906e-02,4.711594581604003906e-01
1.536000000000000000e+03,4.405975341796875000e-04,4.924583435058593750e-02,4.968643188476562500e-02,5.004901885986328125e-01
1.536000000000000000e+03,4.756450653076171875e-04,2.812051773071289062e-02,2.859616279602050781e-02,4.591257572174072266e-01
1.536000000000000000e+03,6.649494171142578125e-04,2.883911132812500000e-02,2.950406074523925781e-02,4.755642414093017578e-01
1.536000000000000000e+03,3.836154937744140625e-04,2.765274047851562500e-02,2.803635597229003906e-02,4.587512016296386719e-01
2.048000000000000000e+03,3.764629364013671875e-04,1.326327323913574219e-01,1.330091953277587891e-01,8.760173320770263672e-01
2.048000000000000000e+03,3.876686096191406250e-04,3.679847717285156250e-02,3.718614578247070312e-02,8.391151428222656250e-01
2.048000000000000000e+03,6.401538848876953125e-04,4.958367347717285156e-02,5.022382736206054688e-02,7.852630615234375000e-01
2.048000000000000000e+03,3.812313079833984375e-04,4.834818840026855469e-02,4.872941970825195312e-02,7.881581783294677734e-01
2.048000000000000000e+03,3.950595855712890625e-04,4.105997085571289062e-02,4.145503044128417969e-02,7.867457866668701172e-01
2.048000000000000000e+03,3.843307495117187500e-04,4.669356346130371094e-02,4.707789421081542969e-02,9.187264442443847656e-01
2.048000000000000000e+03,1.010894775390625000e-03,3.851246833801269531e-02,3.952336311340332031e-02,9.360373020172119141e-01
2.048000000000000000e+03,4.053115844726562500e-04,3.786444664001464844e-02,3.826975822448730469e-02,9.425823688507080078e-01
2.048000000000000000e+03,3.917217254638671875e-04,3.962039947509765625e-02,4.001212120056152344e-02,9.241957664489746094e-01
2.048000000000000000e+03,4.150867462158203125e-04,4.717016220092773438e-02,4.758524894714355469e-02,9.369299411773681641e-01
3.072000000000000000e+03,3.960132598876953125e-04,1.897318363189697266e-01,1.901278495788574219e-01,2.264949560165405273e+00
3.072000000000000000e+03,3.876686096191406250e-04,7.672953605651855469e-02,7.711720466613769531e-02,2.104829311370849609e+00
3.072000000000000000e+03,6.453990936279296875e-04,7.440280914306640625e-02,7.504820823669433594e-02,2.095903158187866211e+00
3.072000000000000000e+03,5.223751068115234375e-04,8.132243156433105469e-02,8.184480667114257812e-02,2.078966140747070312e+00
3.072000000000000000e+03,3.836154937744140625e-04,8.385276794433593750e-02,8.423638343811035156e-02,2.113508701324462891e+00
3.072000000000000000e+03,3.855228424072265625e-04,7.079720497131347656e-02,7.118272781372070312e-02,2.063047647476196289e+00
3.072000000000000000e+03,3.914833068847656250e-04,9.560585021972656250e-02,9.599733352661132812e-02,2.194519042968750000e+00
3.072000000000000000e+03,3.991127014160156250e-04,9.683918952941894531e-02,9.723830223083496094e-02,2.113184452056884766e+00
3.072000000000000000e+03,5.402565002441406250e-04,8.829903602600097656e-02,8.883929252624511719e-02,2.068868398666381836e+00
3.072000000000000000e+03,4.000663757324218750e-04,7.963919639587402344e-02,8.003926277160644531e-02,2.176131486892700195e+00
4.096000000000000000e+03,5.791187286376953125e-04,2.287142276763916016e-01,2.292933464050292969e-01,3.857925176620483398e+00
4.096000000000000000e+03,4.148483276367187500e-04,1.407248973846435547e-01,1.411397457122802734e-01,3.927622079849243164e+00
4.096000000000000000e+03,3.836154937744140625e-04,1.414761543273925781e-01,1.418597698211669922e-01,3.878081560134887695e+00
4.096000000000000000e+03,3.962516784667968750e-04,1.531672477722167969e-01,1.535634994506835938e-01,3.923362731933593750e+00
4.096000000000000000e+03,4.086494445800781250e-04,1.344625949859619141e-01,1.348712444305419922e-01,3.742503404617309570e+00
4.096000000000000000e+03,3.800392150878906250e-04,1.200497150421142578e-01,1.204297542572021484e-01,4.185591697692871094e+00
4.096000000000000000e+03,4.053115844726562500e-04,1.519298553466796875e-01,1.523351669311523438e-01,3.789211750030517578e+00
4.096000000000000000e+03,4.389286041259765625e-04,1.335728168487548828e-01,1.340117454528808594e-01,3.815001249313354492e+00
4.096000000000000000e+03,3.836154937744140625e-04,1.382727622985839844e-01,1.386563777923583984e-01,3.886862039566040039e+00
4.096000000000000000e+03,3.838539123535156250e-04,1.286251544952392578e-01,1.290090084075927734e-01,3.747608184814453125e+00
6.144000000000000000e+03,4.022121429443359375e-04,3.668727874755859375e-01,3.672749996185302734e-01,8.651672601699829102e+00
6.144000000000000000e+03,4.281997680664062500e-04,2.869191169738769531e-01,2.873473167419433594e-01,8.776305675506591797e+00
6.144000000000000000e+03,4.138946533203125000e-04,3.061900138854980469e-01,3.066039085388183594e-01,8.486676931381225586e+00
6.144000000000000000e+03,3.776550292968750000e-04,2.609853744506835938e-01,2.613630294799804688e-01,8.457218885421752930e+00
6.144000000000000000e+03,3.857612609863281250e-04,2.643482685089111328e-01,2.647340297698974609e-01,8.411475658416748047e+00
6.144000000000000000e+03,1.146554946899414062e-03,2.987899780273437500e-01,2.999365329742431641e-01,9.092104196548461914e+00
6.144000000000000000e+03,3.857612609863281250e-04,2.559120655059814453e-01,2.562978267669677734e-01,8.811539173126220703e+00
6.144000000000000000e+03,4.062652587890625000e-04,2.580599784851074219e-01,2.584662437438964844e-01,8.634949207305908203e+00
6.144000000000000000e+03,3.771781921386718750e-04,2.590076923370361328e-01,2.593848705291748047e-01,8.751195907592773438e+00
6.144000000000000000e+03,3.929138183593750000e-04,2.748227119445800781e-01,2.752156257629394531e-01,8.459595680236816406e+00
8.192000000000000000e+03,6.179809570312500000e-04,5.711431503295898438e-01,5.717611312866210938e-01,1.619733977317810059e+01
8.192000000000000000e+03,4.856586456298828125e-04,4.902296066284179688e-01,4.907152652740478516e-01,1.579323363304138184e+01
8.192000000000000000e+03,4.069805145263671875e-04,4.597411155700683594e-01,4.601480960845947266e-01,1.553114414215087891e+01
8.192000000000000000e+03,4.093647003173828125e-04,4.411561489105224609e-01,4.415655136108398438e-01,1.531844615936279297e+01
8.192000000000000000e+03,4.534721374511718750e-04,4.589929580688476562e-01,4.594464302062988281e-01,1.537445354461669922e+01
8.192000000000000000e+03,9.784698486328125000e-04,4.338610172271728516e-01,4.348394870758056641e-01,1.554389715194702148e+01
8.192000000000000000e+03,6.771087646484375000e-04,4.796130657196044922e-01,4.802901744842529297e-01,1.554053711891174316e+01
8.192000000000000000e+03,8.602142333984375000e-04,4.541418552398681641e-01,4.550020694732666016e-01,1.524932456016540527e+01
8.192000000000000000e+03,4.689693450927734375e-04,4.936397075653076172e-01,4.941086769104003906e-01,1.580169939994812012e+01
8.192000000000000000e+03,6.716251373291015625e-04,4.497873783111572266e-01,4.504590034484863281e-01,1.599037432670593262e+01
