1.000000000000000000e+02,2.428770065307617188e-03,6.042242050170898438e-03,8.471012115478515625e-03,2.329325675964355469e-02,4.079341888427734375e-04,5.316734313964843750e-05
1.000000000000000000e+02,2.806425094604492188e-03,6.180047988891601562e-03,8.986473083496093750e-03,2.495694160461425781e-02,4.079341888427734375e-04,5.316734313964843750e-05
1.000000000000000000e+02,2.584457397460937500e-03,6.175041198730468750e-03,8.759498596191406250e-03,2.626848220825195312e-02,4.079341888427734375e-04,5.316734313964843750e-05
1.000000000000000000e+02,2.433300018310546875e-03,6.164550781250000000e-03,8.597850799560546875e-03,2.317357063293457031e-02,4.079341888427734375e-04,5.316734313964843750e-05
1.000000000000000000e+02,2.443552017211914062e-03,5.988359451293945312e-03,8.431911468505859375e-03,2.456450462341308594e-02,4.079341888427734375e-04,5.316734313964843750e-05
1.000000000000000000e+02,2.537727355957031250e-03,5.876779556274414062e-03,8.414506912231445312e-03,2.475476264953613281e-02,4.079341888427734375e-04,5.316734313964843750e-05
1.000000000000000000e+02,2.491712570190429688e-03,6.358623504638671875e-03,8.850336074829101562e-03,2.510666847229003906e-02,4.079341888427734375e-04,5.316734313964843750e-05
1.000000000000000000e+02,2.390384674072265625e-03,5.850553512573242188e-03,8.240938186645507812e-03,2.424359321594238281e-02,4.079341888427734375e-04,5.316734313964843750e-05
1.000000000000000000e+02,2.407073974609375000e-03,6.045103073120117188e-03,8.452177047729492188e-03,2.447652816772460938e-02,4.079341888427734375e-04,5.316734313964843750e-05
1.000000000000000000e+02,2.407312393188476562e-03,5.891561508178710938e-03,8.298873901367187500e-03,2.712321281433105469e-02,4.079341888427734375e-04,5.316734313964843750e-05
1.000000000000000000e+03,2.424001693725585938e-03,5.926370620727539062e-03,8.350372314453125000e-03,2.491807937622070312e-02,3.976821899414062500e-04,6.508827209472656250e-05
1.000000000000000000e+03,2.402067184448242188e-03,6.188154220581054688e-03,8.590221405029296875e-03,2.497100830078125000e-02,3.976821899414062500e-04,6.508827209472656250e-05
1.000000000000000000e+03,2.506256103515625000e-03,5.979299545288085938e-03,8.485555648803710938e-03,2.451610565185546875e-02,3.976821899414062500e-04,6.508827209472656250e-05
1.000000000000000000e+03,2.455472946166992188e-03,5.988359451293945312e-03,8.443832397460937500e-03,2.263140678405761719e-02,3.976821899414062500e-04,6.508827209472656250e-05
1.000000000000000000e+03,2.519845962524414062e-03,6.212711334228515625e-03,8.732557296752929688e-03,2.491402626037597656e-02,3.976821899414062500e-04,6.508827209472656250e-05
1.000000000000000000e+03,2.391815185546875000e-03,5.979776382446289062e-03,8.371591567993164062e-03,2.437639236450195312e-02,3.976821899414062500e-04,6.508827209472656250e-05
1.000000000000000000e+03,2.448558807373046875e-03,6.119489669799804688e-03,8.568048477172851562e-03,7.507658004760742188e-02,3.976821899414062500e-04,6.508827209472656250e-05
1.000000000000000000e+03,2.428770065307617188e-03,6.021738052368164062e-03,8.450508117675781250e-03,2.274322509765625000e-02,3.976821899414062500e-04,6.508827209472656250e-05
1.000000000000000000e+03,2.506494522094726562e-03,6.034374237060546875e-03,8.540868759155273438e-03,2.278017997741699219e-02,3.976821899414062500e-04,6.508827209472656250e-05
1.000000000000000000e+03,2.462863922119140625e-03,5.902767181396484375e-03,8.365631103515625000e-03,2.251076698303222656e-02,3.976821899414062500e-04,6.508827209472656250e-05
1.000000000000000000e+04,2.607583999633789062e-03,5.841493606567382812e-03,8.449077606201171875e-03,2.397489547729492188e-02,1.609325408935546875e-03,5.912780761718750000e-04
1.000000000000000000e+04,2.686023712158203125e-03,6.062746047973632812e-03,8.748769760131835938e-03,2.305555343627929688e-02,1.609325408935546875e-03,5.912780761718750000e-04
1.000000000000000000e+04,2.642869949340820312e-03,5.930900573730468750e-03,8.573770523071289062e-03,2.361607551574707031e-02,1.609325408935546875e-03,5.912780761718750000e-04
1.000000000000000000e+04,2.644300460815429688e-03,6.103277206420898438e-03,8.747577667236328125e-03,2.463674545288085938e-02,1.609325408935546875e-03,5.912780761718750000e-04
1.000000000000000000e+04,2.926826477050781250e-03,6.581544876098632812e-03,9.508371353149414062e-03,2.477216720581054688e-02,1.609325408935546875e-03,5.912780761718750000e-04
1.000000000000000000e+04,2.630949020385742188e-03,5.934715270996093750e-03,8.565664291381835938e-03,2.281403541564941406e-02,1.609325408935546875e-03,5.912780761718750000e-04
1.000000000000000000e+04,2.687454223632812500e-03,5.961418151855468750e-03,8.648872375488281250e-03,2.294516563415527344e-02,1.609325408935546875e-03,5.912780761718750000e-04
1.000000000000000000e+04,2.717494964599609375e-03,6.213903427124023438e-03,8.931398391723632812e-03,2.584362030029296875e-02,1.609325408935546875e-03,5.912780761718750000e-04
1.000000000000000000e+04,2.606630325317382812e-03,5.942583084106445312e-03,8.549213409423828125e-03,2.280640602111816406e-02,1.609325408935546875e-03,5.912780761718750000e-04
1.000000000000000000e+04,2.651929855346679688e-03,5.835056304931640625e-03,8.486986160278320312e-03,2.272868156433105469e-02,1.609325408935546875e-03,5.912780761718750000e-04
1.000000000000000000e+05,4.308700561523437500e-03,5.869626998901367188e-03,1.017832756042480469e-02,2.469611167907714844e-02,1.228117942810058594e-02,5.873680114746093750e-03
1.000000000000000000e+05,4.309892654418945312e-03,5.890130996704101562e-03,1.020002365112304688e-02,2.585935592651367188e-02,1.228117942810058594e-02,5.873680114746093750e-03
1.000000000000000000e+05,4.572629928588867188e-03,6.059885025024414062e-03,1.063251495361328125e-02,2.738833427429199219e-02,1.228117942810058594e-02,5.873680114746093750e-03
1.000000000000000000e+05,5.486965179443359375e-03,6.142377853393554688e-03,1.162934303283691406e-02,2.654290199279785156e-02,1.228117942810058594e-02,5.873680114746093750e-03
1.000000000000000000e+05,4.451751708984375000e-03,5.895137786865234375e-03,1.034688949584960938e-02,2.474570274353027344e-02,1.228117942810058594e-02,5.873680114746093750e-03
1.000000000000000000e+05,4.502534866333007812e-03,5.997419357299804688e-03,1.049995422363281250e-02,2.475118637084960938e-02,1.228117942810058594e-02,5.873680114746093750e-03
1.000000000000000000e+05,5.904674530029296875e-03,6.018161773681640625e-03,1.192283630371093750e-02,2.624440193176269531e-02,1.228117942810058594e-02,5.873680114746093750e-03
1.000000000000000000e+05,4.420042037963867188e-03,5.969285964965820312e-03,1.038932800292968750e-02,2.481818199157714844e-02,1.228117942810058594e-02,5.873680114746093750e-03
1.000000000000000000e+05,4.409551620483398438e-03,5.889892578125000000e-03,1.029944419860839844e-02,2.676415443420410156e-02,1.228117942810058594e-02,5.873680114746093750e-03
1.000000000000000000e+05,4.441499710083007812e-03,5.887269973754882812e-03,1.032876968383789062e-02,2.454757690429687500e-02,1.228117942810058594e-02,5.873680114746093750e-03
1.000000000000000000e+06,2.350568771362304688e-02,6.826639175415039062e-03,3.033232688903808594e-02,4.813718795776367188e-02,1.366722583770751953e-01,6.460833549499511719e-02
1.000000000000000000e+06,2.149343490600585938e-02,6.503820419311523438e-03,2.799725532531738281e-02,4.284667968750000000e-02,1.366722583770751953e-01,6.460833549499511719e-02
1.000000000000000000e+06,2.817130088806152344e-02,6.744146347045898438e-03,3.491544723510742188e-02,5.398464202880859375e-02,1.366722583770751953e-01,6.460833549499511719e-02
1.000000000000000000e+06,2.093791961669921875e-02,6.372451782226562500e-03,2.731037139892578125e-02,4.186725616455078125e-02,1.366722583770751953e-01,6.460833549499511719e-02
1.000000000000000000e+06,2.254056930541992188e-02,6.618976593017578125e-03,2.915954589843750000e-02,4.683899879455566406e-02,1.366722583770751953e-01,6.460833549499511719e-02
1.000000000000000000e+06,2.718520164489746094e-02,5.995035171508789062e-03,3.318023681640625000e-02,4.774951934814453125e-02,1.366722583770751953e-01,6.460833549499511719e-02
1.000000000000000000e+06,2.654123306274414062e-02,6.720542907714843750e-03,3.326177597045898438e-02,5.157542228698730469e-02,1.366722583770751953e-01,6.460833549499511719e-02
1.000000000000000000e+06,2.121114730834960938e-02,6.537914276123046875e-03,2.774906158447265625e-02,4.378342628479003906e-02,1.366722583770751953e-01,6.460833549499511719e-02
1.000000000000000000e+06,2.739834785461425781e-02,6.084442138671875000e-03,3.348278999328613281e-02,4.796743392944335938e-02,1.366722583770751953e-01,6.460833549499511719e-02
1.000000000000000000e+06,2.607703208923339844e-02,6.204128265380859375e-03,3.228116035461425781e-02,4.883193969726562500e-02,1.366722583770751953e-01,6.460833549499511719e-02
2.000000000000000000e+06,6.499791145324707031e-02,6.392240524291992188e-03,7.139015197753906250e-02,8.733820915222167969e-02,2.736020088195800781e-01,1.290156841278076172e-01
2.000000000000000000e+06,7.001662254333496094e-02,6.453752517700195312e-03,7.647037506103515625e-02,9.451150894165039062e-02,2.736020088195800781e-01,1.290156841278076172e-01
2.000000000000000000e+06,6.569886207580566406e-02,6.721258163452148438e-03,7.242012023925781250e-02,8.905005455017089844e-02,2.736020088195800781e-01,1.290156841278076172e-01
2.000000000000000000e+06,6.627988815307617188e-02,6.566047668457031250e-03,7.284593582153320312e-02,9.130311012268066406e-02,2.736020088195800781e-01,1.290156841278076172e-01
2.000000000000000000e+06,6.521606445312500000e-02,6.420373916625976562e-03,7.163643836975097656e-02,8.732771873474121094e-02,2.736020088195800781e-01,1.290156841278076172e-01
2.000000000000000000e+06,6.576871871948242188e-02,6.493091583251953125e-03,7.226181030273437500e-02,8.831000328063964844e-02,2.736020088195800781e-01,1.290156841278076172e-01
2.000000000000000000e+06,7.740402221679687500e-02,6.801843643188476562e-03,8.420586585998535156e-02,1.005487442016601562e-01,2.736020088195800781e-01,1.290156841278076172e-01
2.000000000000000000e+06,4.883122444152832031e-02,6.836414337158203125e-03,5.566763877868652344e-02,7.218003273010253906e-02,2.736020088195800781e-01,1.290156841278076172e-01
2.000000000000000000e+06,5.888438224792480469e-02,6.431818008422851562e-03,6.531620025634765625e-02,8.022522926330566406e-02,2.736020088195800781e-01,1.290156841278076172e-01
2.000000000000000000e+06,6.758666038513183594e-02,6.687879562377929688e-03,7.427453994750976562e-02,9.092926979064941406e-02,2.736020088195800781e-01,1.290156841278076172e-01
5.000000000000000000e+06,1.685516834259033203e-01,6.460189819335937500e-03,1.750118732452392578e-01,1.904480457305908203e-01,6.945846080780029297e-01,3.217928409576416016e-01
5.000000000000000000e+06,1.771636009216308594e-01,6.406545639038085938e-03,1.835701465606689453e-01,2.646203041076660156e-01,6.945846080780029297e-01,3.217928409576416016e-01
5.000000000000000000e+06,1.510140895843505859e-01,6.505250930786132812e-03,1.575193405151367188e-01,1.719226837158203125e-01,6.945846080780029297e-01,3.217928409576416016e-01
5.000000000000000000e+06,1.432402133941650391e-01,6.407737731933593750e-03,1.496479511260986328e-01,1.643180847167968750e-01,6.945846080780029297e-01,3.217928409576416016e-01
5.000000000000000000e+06,1.530230045318603516e-01,6.792783737182617188e-03,1.598157882690429688e-01,1.775667667388916016e-01,6.945846080780029297e-01,3.217928409576416016e-01
5.000000000000000000e+06,1.526980400085449219e-01,6.764888763427734375e-03,1.594629287719726562e-01,1.742379665374755859e-01,6.945846080780029297e-01,3.217928409576416016e-01
5.000000000000000000e+06,1.578042507171630859e-01,6.711959838867187500e-03,1.645162105560302734e-01,1.792039871215820312e-01,6.945846080780029297e-01,3.217928409576416016e-01
5.000000000000000000e+06,1.509430408477783203e-01,6.446599960327148438e-03,1.573896408081054688e-01,1.718101501464843750e-01,6.945846080780029297e-01,3.217928409576416016e-01
5.000000000000000000e+06,1.498072147369384766e-01,6.462097167968750000e-03,1.562693119049072266e-01,1.725335121154785156e-01,6.945846080780029297e-01,3.217928409576416016e-01
5.000000000000000000e+06,1.707592010498046875e-01,6.956577301025390625e-03,1.777157783508300781e-01,1.946957111358642578e-01,6.945846080780029297e-01,3.217928409576416016e-01
7.000000000000000000e+06,2.137794494628906250e-01,6.898164749145507812e-03,2.206776142120361328e-01,2.379341125488281250e-01,9.686293601989746094e-01,4.532723426818847656e-01
7.000000000000000000e+06,2.152979373931884766e-01,6.965160369873046875e-03,2.222630977630615234e-01,2.401540279388427734e-01,9.686293601989746094e-01,4.532723426818847656e-01
7.000000000000000000e+06,2.153627872467041016e-01,7.183074951171875000e-03,2.225458621978759766e-01,2.401452064514160156e-01,9.686293601989746094e-01,4.532723426818847656e-01
7.000000000000000000e+06,2.145481109619140625e-01,6.615638732910156250e-03,2.211637496948242188e-01,2.384281158447265625e-01,9.686293601989746094e-01,4.532723426818847656e-01
7.000000000000000000e+06,2.179145812988281250e-01,6.379604339599609375e-03,2.242941856384277344e-01,2.415831089019775391e-01,9.686293601989746094e-01,4.532723426818847656e-01
7.000000000000000000e+06,2.146422863006591797e-01,6.706476211547851562e-03,2.213487625122070312e-01,2.399187088012695312e-01,9.686293601989746094e-01,4.532723426818847656e-01
7.000000000000000000e+06,2.158546447753906250e-01,7.069110870361328125e-03,2.229237556457519531e-01,2.405276298522949219e-01,9.686293601989746094e-01,4.532723426818847656e-01
7.000000000000000000e+06,2.193202972412109375e-01,6.659507751464843750e-03,2.259798049926757812e-01,2.431306838989257812e-01,9.686293601989746094e-01,4.532723426818847656e-01
7.000000000000000000e+06,2.175076007843017578e-01,7.240056991577148438e-03,2.247476577758789062e-01,2.420945167541503906e-01,9.686293601989746094e-01,4.532723426818847656e-01
7.000000000000000000e+06,2.155730724334716797e-01,6.770133972167968750e-03,2.223432064056396484e-01,2.409319877624511719e-01,9.686293601989746094e-01,4.532723426818847656e-01
1.000000000000000000e+07,3.363888263702392578e-01,6.865262985229492188e-03,3.432540893554687500e-01,3.663315773010253906e-01,1.369169950485229492e+00,6.402375698089599609e-01
1.000000000000000000e+07,3.351981639862060547e-01,7.150888442993164062e-03,3.423490524291992188e-01,3.654565811157226562e-01,1.369169950485229492e+00,6.402375698089599609e-01
1.000000000000000000e+07,3.527705669403076172e-01,6.886959075927734375e-03,3.596575260162353516e-01,3.811166286468505859e-01,1.369169950485229492e+00,6.402375698089599609e-01
1.000000000000000000e+07,3.345224857330322266e-01,7.213354110717773438e-03,3.417358398437500000e-01,3.647272586822509766e-01,1.369169950485229492e+00,6.402375698089599609e-01
1.000000000000000000e+07,3.523004055023193359e-01,6.857872009277343750e-03,3.591582775115966797e-01,3.806526660919189453e-01,1.369169950485229492e+00,6.402375698089599609e-01
1.000000000000000000e+07,3.491787910461425781e-01,6.977558135986328125e-03,3.561563491821289062e-01,3.776304721832275391e-01,1.369169950485229492e+00,6.402375698089599609e-01
1.000000000000000000e+07,3.499147891998291016e-01,6.774187088012695312e-03,3.566889762878417969e-01,4.386878013610839844e-01,1.369169950485229492e+00,6.402375698089599609e-01
1.000000000000000000e+07,3.118174076080322266e-01,7.233858108520507812e-03,3.190512657165527344e-01,3.405029773712158203e-01,1.369169950485229492e+00,6.402375698089599609e-01
1.000000000000000000e+07,2.997059822082519531e-01,6.817102432250976562e-03,3.065230846405029297e-01,3.279888629913330078e-01,1.369169950485229492e+00,6.402375698089599609e-01
1.000000000000000000e+07,3.160014152526855469e-01,6.869792938232421875e-03,3.228712081909179688e-01,3.443102836608886719e-01,1.369169950485229492e+00,6.402375698089599609e-01
2.000000000000000000e+07,6.673619747161865234e-01,7.240772247314453125e-03,6.746027469635009766e-01,7.156383991241455078e-01,2.732620239257812500e+00,1.279244661331176758e+00
2.000000000000000000e+07,6.682565212249755859e-01,7.265567779541015625e-03,6.755220890045166016e-01,7.166457176208496094e-01,2.732620239257812500e+00,1.279244661331176758e+00
2.000000000000000000e+07,6.851961612701416016e-01,7.845163345336914062e-03,6.930413246154785156e-01,7.338736057281494141e-01,2.732620239257812500e+00,1.279244661331176758e+00
2.000000000000000000e+07,6.932382583618164062e-01,7.561922073364257812e-03,7.008001804351806641e-01,7.417490482330322266e-01,2.732620239257812500e+00,1.279244661331176758e+00
2.000000000000000000e+07,6.837170124053955078e-01,7.280588150024414062e-03,6.909976005554199219e-01,7.320132255554199219e-01,2.732620239257812500e+00,1.279244661331176758e+00
2.000000000000000000e+07,7.015237808227539062e-01,7.340431213378906250e-03,7.088642120361328125e-01,7.500360012054443359e-01,2.732620239257812500e+00,1.279244661331176758e+00
2.000000000000000000e+07,6.945843696594238281e-01,7.575988769531250000e-03,7.021603584289550781e-01,7.429099082946777344e-01,2.732620239257812500e+00,1.279244661331176758e+00
2.000000000000000000e+07,7.019965648651123047e-01,7.237434387207031250e-03,7.092339992523193359e-01,7.509434223175048828e-01,2.732620239257812500e+00,1.279244661331176758e+00
2.000000000000000000e+07,7.010583877563476562e-01,7.249593734741210938e-03,7.083079814910888672e-01,7.491235733032226562e-01,2.732620239257812500e+00,1.279244661331176758e+00
2.000000000000000000e+07,6.952114105224609375e-01,7.750988006591796875e-03,7.029623985290527344e-01,7.452983856201171875e-01,2.732620239257812500e+00,1.279244661331176758e+00
3.000000000000000000e+07,9.514362812042236328e-01,8.278369903564453125e-03,9.597146511077880859e-01,1.020963430404663086e+00,4.109022140502929688e+00,1.919750452041625977e+00
3.000000000000000000e+07,9.416649341583251953e-01,7.749080657958984375e-03,9.494140148162841797e-01,1.010085344314575195e+00,4.109022140502929688e+00,1.919750452041625977e+00
3.000000000000000000e+07,9.514560699462890625e-01,8.026599884033203125e-03,9.594826698303222656e-01,1.019032955169677734e+00,4.109022140502929688e+00,1.919750452041625977e+00
3.000000000000000000e+07,9.367866516113281250e-01,7.994890213012695312e-03,9.447815418243408203e-01,1.005370616912841797e+00,4.109022140502929688e+00,1.919750452041625977e+00
3.000000000000000000e+07,9.353990554809570312e-01,7.709503173828125000e-03,9.431085586547851562e-01,1.004034519195556641e+00,4.109022140502929688e+00,1.919750452041625977e+00
3.000000000000000000e+07,9.348626136779785156e-01,7.643222808837890625e-03,9.425058364868164062e-01,1.002889394760131836e+00,4.109022140502929688e+00,1.919750452041625977e+00
3.000000000000000000e+07,9.376895427703857422e-01,8.031845092773437500e-03,9.457213878631591797e-01,1.006415367126464844e+00,4.109022140502929688e+00,1.919750452041625977e+00
3.000000000000000000e+07,9.598360061645507812e-01,7.713317871093750000e-03,9.675493240356445312e-01,1.027440786361694336e+00,4.109022140502929688e+00,1.919750452041625977e+00
3.000000000000000000e+07,9.402146339416503906e-01,7.600307464599609375e-03,9.478149414062500000e-01,1.008721351623535156e+00,4.109022140502929688e+00,1.919750452041625977e+00
3.000000000000000000e+07,9.370934963226318359e-01,7.979154586791992188e-03,9.450726509094238281e-01,1.005441904067993164e+00,4.109022140502929688e+00,1.919750452041625977e+00
4.000000000000000000e+07,1.451132774353027344e+00,8.229970932006835938e-03,1.459362745285034180e+00,1.541555404663085938e+00,5.464314699172973633e+00,2.577785491943359375e+00
4.000000000000000000e+07,1.426704645156860352e+00,8.155107498168945312e-03,1.434859752655029297e+00,1.517092227935791016e+00,5.464314699172973633e+00,2.577785491943359375e+00
4.000000000000000000e+07,1.439719676971435547e+00,8.524894714355468750e-03,1.448244571685791016e+00,1.530403614044189453e+00,5.464314699172973633e+00,2.577785491943359375e+00
4.000000000000000000e+07,1.433568954467773438e+00,8.440017700195312500e-03,1.442008972167968750e+00,1.523742198944091797e+00,5.464314699172973633e+00,2.577785491943359375e+00
4.000000000000000000e+07,1.427635908126831055e+00,8.584022521972656250e-03,1.436219930648803711e+00,1.518098354339599609e+00,5.464314699172973633e+00,2.577785491943359375e+00
4.000000000000000000e+07,1.441042900085449219e+00,8.295297622680664062e-03,1.449338197708129883e+00,1.530525445938110352e+00,5.464314699172973633e+00,2.577785491943359375e+00
4.000000000000000000e+07,1.424970626831054688e+00,8.911371231079101562e-03,1.433881998062133789e+00,1.515688180923461914e+00,5.464314699172973633e+00,2.577785491943359375e+00
4.000000000000000000e+07,1.431752204895019531e+00,8.222818374633789062e-03,1.439975023269653320e+00,1.521507263183593750e+00,5.464314699172973633e+00,2.577785491943359375e+00
4.000000000000000000e+07,1.438202381134033203e+00,8.791923522949218750e-03,1.446994304656982422e+00,1.528398752212524414e+00,5.464314699172973633e+00,2.577785491943359375e+00
4.000000000000000000e+07,1.434368133544921875e+00,8.925914764404296875e-03,1.443294048309326172e+00,1.525117397308349609e+00,5.464314699172973633e+00,2.577785491943359375e+00
5.000000000000000000e+07,1.690883159637451172e+00,8.908271789550781250e-03,1.699791431427001953e+00,1.798963308334350586e+00,6.836598157882690430e+00,3.216286897659301758e+00
5.000000000000000000e+07,1.685585021972656250e+00,9.370326995849609375e-03,1.694955348968505859e+00,1.794095993041992188e+00,6.836598157882690430e+00,3.216286897659301758e+00
5.000000000000000000e+07,1.685796737670898438e+00,8.738517761230468750e-03,1.694535255432128906e+00,1.792397975921630859e+00,6.836598157882690430e+00,3.216286897659301758e+00
5.000000000000000000e+07,1.685562610626220703e+00,8.659839630126953125e-03,1.694222450256347656e+00,1.792960405349731445e+00,6.836598157882690430e+00,3.216286897659301758e+00
5.000000000000000000e+07,1.681317567825317383e+00,8.904457092285156250e-03,1.690222024917602539e+00,1.788488626480102539e+00,6.836598157882690430e+00,3.216286897659301758e+00
5.000000000000000000e+07,1.689046382904052734e+00,8.644819259643554688e-03,1.697691202163696289e+00,1.798937320709228516e+00,6.836598157882690430e+00,3.216286897659301758e+00
5.000000000000000000e+07,1.685039281845092773e+00,9.028673171997070312e-03,1.694067955017089844e+00,1.795354843139648438e+00,6.836598157882690430e+00,3.216286897659301758e+00
5.000000000000000000e+07,1.685732603073120117e+00,8.664608001708984375e-03,1.694397211074829102e+00,1.795611381530761719e+00,6.836598157882690430e+00,3.216286897659301758e+00
5.000000000000000000e+07,1.682442903518676758e+00,9.008646011352539062e-03,1.691451549530029297e+00,1.792569398880004883e+00,6.836598157882690430e+00,3.216286897659301758e+00
5.000000000000000000e+07,1.688419103622436523e+00,8.746862411499023438e-03,1.697165966033935547e+00,1.797798633575439453e+00,6.836598157882690430e+00,3.216286897659301758e+00
6.000000000000000000e+07,1.915537834167480469e+00,9.360551834106445312e-03,1.924898386001586914e+00,2.045989990234375000e+00,8.216551542282104492e+00,3.858066082000732422e+00
6.000000000000000000e+07,1.890866041183471680e+00,9.836435317993164062e-03,1.900702476501464844e+00,2.021340370178222656e+00,8.216551542282104492e+00,3.858066082000732422e+00
6.000000000000000000e+07,1.848842859268188477e+00,9.852409362792968750e-03,1.858695268630981445e+00,1.978014707565307617e+00,8.216551542282104492e+00,3.858066082000732422e+00
6.000000000000000000e+07,1.940291881561279297e+00,9.576559066772460938e-03,1.949868440628051758e+00,2.069863796234130859e+00,8.216551542282104492e+00,3.858066082000732422e+00
6.000000000000000000e+07,1.856981754302978516e+00,9.290456771850585938e-03,1.866272211074829102e+00,1.988305330276489258e+00,8.216551542282104492e+00,3.858066082000732422e+00
6.000000000000000000e+07,1.871256113052368164e+00,9.814262390136718750e-03,1.881070375442504883e+00,2.000333070755004883e+00,8.216551542282104492e+00,3.858066082000732422e+00
6.000000000000000000e+07,1.918279886245727539e+00,9.301900863647460938e-03,1.927581787109375000e+00,2.047866582870483398e+00,8.216551542282104492e+00,3.858066082000732422e+00
6.000000000000000000e+07,1.861258983612060547e+00,9.846925735473632812e-03,1.871105909347534180e+00,1.994179964065551758e+00,8.216551542282104492e+00,3.858066082000732422e+00
6.000000000000000000e+07,1.886472702026367188e+00,9.382009506225585938e-03,1.895854711532592773e+00,2.017415046691894531e+00,8.216551542282104492e+00,3.858066082000732422e+00
6.000000000000000000e+07,1.889861345291137695e+00,9.088754653930664062e-03,1.898950099945068359e+00,2.020676374435424805e+00,8.216551542282104492e+00,3.858066082000732422e+00
7.000000000000000000e+07,2.652216434478759766e+00,9.760379791259765625e-03,2.661976814270019531e+00,2.801547050476074219e+00,9.596379041671752930e+00,4.522659778594970703e+00
7.000000000000000000e+07,2.672316789627075195e+00,1.021265983581542969e-02,2.682529449462890625e+00,2.824317932128906250e+00,9.596379041671752930e+00,4.522659778594970703e+00
7.000000000000000000e+07,2.679796457290649414e+00,1.034402847290039062e-02,2.690140485763549805e+00,2.828536987304687500e+00,9.596379041671752930e+00,4.522659778594970703e+00
7.000000000000000000e+07,2.655493259429931641e+00,1.032876968383789062e-02,2.665822029113769531e+00,2.804852962493896484e+00,9.596379041671752930e+00,4.522659778594970703e+00
7.000000000000000000e+07,2.666148185729980469e+00,1.055359840393066406e-02,2.676701784133911133e+00,2.815902948379516602e+00,9.596379041671752930e+00,4.522659778594970703e+00
7.000000000000000000e+07,2.652819395065307617e+00,1.029944419860839844e-02,2.663118839263916016e+00,2.804168224334716797e+00,9.596379041671752930e+00,4.522659778594970703e+00
7.000000000000000000e+07,2.647165298461914062e+00,1.040983200073242188e-02,2.657575130462646484e+00,2.799044609069824219e+00,9.596379041671752930e+00,4.522659778594970703e+00
7.000000000000000000e+07,2.664913654327392578e+00,1.040911674499511719e-02,2.675322771072387695e+00,2.817281007766723633e+00,9.596379041671752930e+00,4.522659778594970703e+00
7.000000000000000000e+07,2.628908634185791016e+00,1.029419898986816406e-02,2.639202833175659180e+00,2.781682014465332031e+00,9.596379041671752930e+00,4.522659778594970703e+00
7.000000000000000000e+07,2.658114910125732422e+00,1.029515266418457031e-02,2.668410062789916992e+00,2.809001922607421875e+00,9.596379041671752930e+00,4.522659778594970703e+00
8.000000000000000000e+07,2.898921728134155273e+00,1.021933555603027344e-02,2.909141063690185547e+00,3.068577051162719727e+00,1.099729871749877930e+01,5.149775743484497070e+00
8.000000000000000000e+07,2.926630258560180664e+00,1.049542427062988281e-02,2.937125682830810547e+00,3.096477985382080078e+00,1.099729871749877930e+01,5.149775743484497070e+00
8.000000000000000000e+07,2.901933908462524414e+00,1.028895378112792969e-02,2.912222862243652344e+00,3.073743820190429688e+00,1.099729871749877930e+01,5.149775743484497070e+00
8.000000000000000000e+07,2.902928590774536133e+00,1.052284240722656250e-02,2.913451433181762695e+00,3.074331521987915039e+00,1.099729871749877930e+01,5.149775743484497070e+00
8.000000000000000000e+07,2.922643184661865234e+00,1.122474670410156250e-02,2.933867931365966797e+00,3.094932317733764648e+00,1.099729871749877930e+01,5.149775743484497070e+00
8.000000000000000000e+07,2.941914796829223633e+00,1.025700569152832031e-02,2.952171802520751953e+00,3.112282514572143555e+00,1.099729871749877930e+01,5.149775743484497070e+00
8.000000000000000000e+07,2.918962955474853516e+00,1.064491271972656250e-02,2.929607868194580078e+00,3.089687108993530273e+00,1.099729871749877930e+01,5.149775743484497070e+00
8.000000000000000000e+07,2.879079818725585938e+00,1.026582717895507812e-02,2.889345645904541016e+00,3.051205158233642578e+00,1.099729871749877930e+01,5.149775743484497070e+00
8.000000000000000000e+07,2.914416551589965820e+00,1.066088676452636719e-02,2.925077438354492188e+00,3.085704565048217773e+00,1.099729871749877930e+01,5.149775743484497070e+00
8.000000000000000000e+07,2.873097181320190430e+00,1.093888282775878906e-02,2.884036064147949219e+00,3.044162988662719727e+00,1.099729871749877930e+01,5.149775743484497070e+00
9.000000000000000000e+07,3.115134477615356445e+00,1.084709167480468750e-02,3.125981569290161133e+00,3.305514574050903320e+00,1.232160258293151855e+01,5.782425880432128906e+00
9.000000000000000000e+07,3.110677242279052734e+00,1.157712936401367188e-02,3.122254371643066406e+00,3.301953077316284180e+00,1.232160258293151855e+01,5.782425880432128906e+00
9.000000000000000000e+07,3.161742687225341797e+00,1.138925552368164062e-02,3.173131942749023438e+00,3.352607727050781250e+00,1.232160258293151855e+01,5.782425880432128906e+00
9.000000000000000000e+07,3.146722555160522461e+00,1.191735267639160156e-02,3.158639907836914062e+00,3.338674783706665039e+00,1.232160258293151855e+01,5.782425880432128906e+00
9.000000000000000000e+07,3.146056413650512695e+00,1.144194602966308594e-02,3.157498359680175781e+00,3.336659193038940430e+00,1.232160258293151855e+01,5.782425880432128906e+00
9.000000000000000000e+07,3.125071763992309570e+00,1.143217086791992188e-02,3.136503934860229492e+00,3.318754911422729492e+00,1.232160258293151855e+01,5.782425880432128906e+00
9.000000000000000000e+07,3.180778980255126953e+00,1.144433021545410156e-02,3.192223310470581055e+00,3.372539281845092773e+00,1.232160258293151855e+01,5.782425880432128906e+00
9.000000000000000000e+07,3.225130081176757812e+00,1.146459579467773438e-02,3.236594676971435547e+00,3.415641546249389648e+00,1.232160258293151855e+01,5.782425880432128906e+00
9.000000000000000000e+07,3.153918266296386719e+00,1.183533668518066406e-02,3.165753602981567383e+00,3.345385074615478516e+00,1.232160258293151855e+01,5.782425880432128906e+00
9.000000000000000000e+07,3.249161958694458008e+00,1.144814491271972656e-02,3.260610103607177734e+00,3.441106557846069336e+00,1.232160258293151855e+01,5.782425880432128906e+00
1.000000000000000000e+08,3.398394346237182617e+00,1.122879981994628906e-02,3.409623146057128906e+00,3.609514236450195312e+00,1.370179438591003418e+01,6.418678283691406250e+00
1.000000000000000000e+08,3.374340534210205078e+00,1.192164421081542969e-02,3.386262178421020508e+00,3.587197065353393555e+00,1.370179438591003418e+01,6.418678283691406250e+00
1.000000000000000000e+08,3.405682802200317383e+00,1.188397407531738281e-02,3.417566776275634766e+00,3.618745803833007812e+00,1.370179438591003418e+01,6.418678283691406250e+00
1.000000000000000000e+08,3.389874219894409180e+00,1.180934906005859375e-02,3.401683568954467773e+00,3.603792190551757812e+00,1.370179438591003418e+01,6.418678283691406250e+00
1.000000000000000000e+08,3.382228136062622070e+00,1.193881034851074219e-02,3.394166946411132812e+00,3.596290588378906250e+00,1.370179438591003418e+01,6.418678283691406250e+00
1.000000000000000000e+08,3.397114992141723633e+00,1.194906234741210938e-02,3.409064054489135742e+00,3.609590291976928711e+00,1.370179438591003418e+01,6.418678283691406250e+00
1.000000000000000000e+08,3.385037183761596680e+00,1.132059097290039062e-02,3.396357774734497070e+00,3.595775365829467773e+00,1.370179438591003418e+01,6.418678283691406250e+00
1.000000000000000000e+08,3.393603563308715820e+00,1.155233383178710938e-02,3.405155897140502930e+00,3.605404138565063477e+00,1.370179438591003418e+01,6.418678283691406250e+00
1.000000000000000000e+08,3.399688720703125000e+00,1.190495491027832031e-02,3.411593675613403320e+00,3.612013339996337891e+00,1.370179438591003418e+01,6.418678283691406250e+00
1.000000000000000000e+08,3.372290134429931641e+00,1.137304306030273438e-02,3.383663177490234375e+00,3.583295583724975586e+00,1.370179438591003418e+01,6.418678283691406250e+00
1.260750150000000000e+08,4.076619386672973633e+00,1.344299316406250000e-02,4.090062379837036133e+00,4.343992948532104492e+00,1.714768409729003906e+01,8.128418445587158203e+00
1.260750150000000000e+08,4.277323246002197266e+00,1.381516456604003906e-02,4.291138410568237305e+00,4.544274330139160156e+00,1.714768409729003906e+01,8.128418445587158203e+00
1.260750150000000000e+08,4.151930093765258789e+00,1.332545280456542969e-02,4.165255546569824219e+00,4.418208837509155273e+00,1.714768409729003906e+01,8.128418445587158203e+00
1.260750150000000000e+08,4.095675230026245117e+00,1.329159736633300781e-02,4.108966827392578125e+00,4.364660739898681641e+00,1.714768409729003906e+01,8.128418445587158203e+00
1.260750150000000000e+08,4.537322998046875000e+00,1.330614089965820312e-02,4.550629138946533203e+00,4.803867340087890625e+00,1.714768409729003906e+01,8.128418445587158203e+00
1.260750150000000000e+08,4.192845582962036133e+00,1.358675956726074219e-02,4.206432342529296875e+00,4.460197687149047852e+00,1.714768409729003906e+01,8.128418445587158203e+00
1.260750150000000000e+08,4.154500961303710938e+00,1.337099075317382812e-02,4.167871952056884766e+00,4.422764062881469727e+00,1.714768409729003906e+01,8.128418445587158203e+00
1.260750150000000000e+08,4.096469879150390625e+00,1.326870918273925781e-02,4.109738588333129883e+00,4.362221002578735352e+00,1.714768409729003906e+01,8.128418445587158203e+00
1.260750150000000000e+08,4.248171806335449219e+00,1.331090927124023438e-02,4.261482715606689453e+00,4.515054225921630859e+00,1.714768409729003906e+01,8.128418445587158203e+00
1.260750150000000000e+08,4.091850757598876953e+00,1.314568519592285156e-02,4.104996442794799805e+00,4.358629703521728516e+00,1.714768409729003906e+01,8.128418445587158203e+00
